root_success,root_message,z_eq_m,u_eq_m_s,w_eq_m_s,m_eq_kg,rhs_norm,rhs_z_m_s,rhs_u_m_s2,rhs_w_m_s2,rhs_m_kg_s
True,The solution converged.,9618.027532260936,1.9098623386953226,-2.9084536311763646e-21,1.0802293920592054e-09,2.1319370397478602e-13,-2.9084536311763646e-21,3.628673829156504e-15,-2.1316282072803006e-13,-3.7955231677931203e-25
