real_s_inv,imag_s_inv
-16.342094105168357,0.0
-18.71835395534476,0.0
-7.060337443782103e-06,0.00017121305397109664
-7.060337443782103e-06,-0.00017121305397109664
