real_s_inv,imag_s_inv
-16.34209410516834,0.0
-18.718353955167117,0.0
-7.060337442786382e-06,0.00017121305453915108
-7.060337442786382e-06,-0.00017121305453915108
