iteration,residual_norm,augmented_norm,correction_norm,jacobian_condition,min_singular_value,linear_solver
0,0.0010920777538728757,0.0010920777538728757,1.6529154753270326e-06,1960.4464517215736,0.9583631831255892,solve
1,5.068647199140107e-08,5.068647199140107e-08,0.0,1960.4483793656764,0.9583631931589291,not_needed
