component,seed_tangent,corrected_tangent
x0,0.04178879000363575,0.04181492725505799
x1,-0.020894395000573607,-0.020907463626515726
x2,0.0,0.0
x3,0.2945819530271911,0.294267053866202
lambda_W_a0,0.9544834174768454,0.9545791171151116
