state,dstate_dW_a0
Z_scaled,0.4378165469387547
U_scaled,-0.21890827357356082
M_log_ratio,3.0862972272965803
