residual,dF_dW_a0
du_dt_m_s2,1.0762226083293762e-16
dw_dt_m_s2,3.088032687070933
dlogm_dt_s_inv,-1.1080105117017283e-10
